{"t": 1546277262.18301, "tmp": 32.0}
{"t": 1546277262.6830988, "tmp": 33.0}
{"t": 1546277263.182605, "tmp": 35.0}
{"t": 1546277263.6863182, "tmp": 35.0}
{"t": 1546277264.185947, "tmp": 35.0}
{"t": 1546277264.6856508, "tmp": 33.0}
{"t": 1546277265.1854012, "tmp": 33.0}
{"t": 1546277265.689219, "tmp": 33.0}
{"t": 1546277266.1888099, "tmp": 33.0}
{"t": 1546277266.68851, "tmp": 33.0}
{"t": 1546277267.1922119, "tmp": 33.0}
{"t": 1546277267.691902, "tmp": 32.0}
{"t": 1546277268.191961, "tmp": 33.0}
{"t": 1546277268.691668, "tmp": 33.0}
{"t": 1546277269.1953018, "tmp": 35.0}
{"t": 1546277269.6950982, "tmp": 35.0}
{"t": 1546277270.194697, "tmp": 35.0}
{"t": 1546277270.698257, "tmp": 33.0}
{"t": 1546277271.198246, "tmp": 35.0}
{"t": 1546277271.697921, "tmp": 33.0}
{"t": 1546277272.197686, "tmp": 35.0}
{"t": 1546277272.701288, "tmp": 36.0}
{"t": 1546277273.2008162, "tmp": 35.0}
{"t": 1546277273.7008572, "tmp": 36.0}
{"t": 1546277274.204501, "tmp": 35.0}
{"t": 1546277274.704268, "tmp": 35.0}
{"t": 1546277275.203685, "tmp": 36.0}
{"t": 1546277275.703682, "tmp": 36.0}
{"t": 1546277276.2073421, "tmp": 36.0}
{"t": 1546277276.707029, "tmp": 36.0}
{"t": 1546277277.206628, "tmp": 35.0}
{"t": 1546277277.7102668, "tmp": 35.0}
{"t": 1546277278.210083, "tmp": 35.0}
{"t": 1546277278.7100239, "tmp": 35.0}
{"t": 1546277279.209723, "tmp": 35.0}
{"t": 1546277279.713356, "tmp": 33.0}
{"t": 1546277280.2130308, "tmp": 33.0}
{"t": 1546277280.712845, "tmp": 33.0}
{"t": 1546277281.216575, "tmp": 33.0}
{"t": 1546277281.716295, "tmp": 33.0}
{"t": 1546277282.2157419, "tmp": 33.0}
{"t": 1546277282.715745, "tmp": 32.0}
{"t": 1546277283.2194, "tmp": 32.0}
{"t": 1546277283.7191381, "tmp": 32.0}
{"t": 1546277284.218888, "tmp": 33.0}
{"t": 1546277284.722385, "tmp": 35.0}
{"t": 1546277285.222163, "tmp": 35.0}
{"t": 1546277285.721919, "tmp": 35.0}
{"t": 1546277286.221747, "tmp": 35.0}
{"t": 1546277286.725397, "tmp": 35.0}
{"t": 1546277287.2251148, "tmp": 35.0}
{"t": 1546277287.7249868, "tmp": 36.0}
{"t": 1546277288.2285812, "tmp": 36.0}
{"t": 1546277288.7283058, "tmp": 36.0}
{"t": 1546277289.22773, "tmp": 36.0}
{"t": 1546277289.7277691, "tmp": 35.0}
{"t": 1546277290.23141, "tmp": 35.0}
{"t": 1546277290.731159, "tmp": 33.0}
{"t": 1546277291.230911, "tmp": 35.0}
{"t": 1546277291.7346308, "tmp": 36.0}
{"t": 1546277292.234355, "tmp": 35.0}
{"t": 1546277292.734064, "tmp": 36.0}
{"t": 1546277293.233807, "tmp": 36.0}
{"t": 1546277293.7371771, "tmp": 35.0}
{"t": 1546277294.237191, "tmp": 35.0}
{"t": 1546277294.736932, "tmp": 35.0}
{"t": 1546277295.240681, "tmp": 36.0}
{"t": 1546277295.7403672, "tmp": 36.0}
{"t": 1546277296.240075, "tmp": 36.0}
{"t": 1546277296.739777, "tmp": 36.0}
{"t": 1546277297.2434719, "tmp": 36.0}
{"t": 1546277297.7430248, "tmp": 35.0}
{"t": 1546277298.242678, "tmp": 35.0}
{"t": 1546277298.746609, "tmp": 35.0}
{"t": 1546277299.2461069, "tmp": 35.0}
{"t": 1546277299.745978, "tmp": 33.0}
{"t": 1546277300.245743, "tmp": 33.0}
{"t": 1546277300.749333, "tmp": 33.0}
{"t": 1546277301.249266, "tmp": 33.0}
{"t": 1546277301.748739, "tmp": 33.0}
{"t": 1546277302.252598, "tmp": 33.0}
{"t": 1546277302.752473, "tmp": 32.0}
{"t": 1546277303.251956, "tmp": 32.0}
{"t": 1546277303.751751, "tmp": 32.0}
{"t": 1546277304.2554, "tmp": 32.0}
{"t": 1546277304.7553458, "tmp": 32.0}
{"t": 1546277305.254899, "tmp": 32.0}
{"t": 1546277305.7584488, "tmp": 32.0}
{"t": 1546277306.258433, "tmp": 32.0}
{"t": 1546277306.75806, "tmp": 32.0}
{"t": 1546277307.257649, "tmp": 32.0}
{"t": 1546277307.761373, "tmp": 30.0}
{"t": 1546277308.2612119, "tmp": 30.0}
{"t": 1546277308.761039, "tmp": 30.0}
{"t": 1546277309.264689, "tmp": 30.0}
{"t": 1546277309.764439, "tmp": 30.0}
{"t": 1546277310.264025, "tmp": 30.0}
{"t": 1546277310.7639282, "tmp": 30.0}
{"t": 1546277311.2674859, "tmp": 30.0}
{"t": 1546277311.767072, "tmp": 30.0}
{"t": 1546277312.266904, "tmp": 30.0}
{"t": 1546277312.770578, "tmp": 30.0}
{"t": 1546277313.270148, "tmp": 30.0}
{"t": 1546277313.769836, "tmp": 30.0}
{"t": 1546277314.26965, "tmp": 30.0}
{"t": 1546277314.773406, "tmp": 30.0}
{"t": 1546277315.273095, "tmp": 30.0}
{"t": 1546277315.772943, "tmp": 30.0}
{"t": 1546277316.276747, "tmp": 30.0}
{"t": 1546277316.7765079, "tmp": 30.0}
{"t": 1546277317.276195, "tmp": 30.0}
{"t": 1546277317.775838, "tmp": 29.0}
{"t": 1546277318.2796009, "tmp": 29.0}
{"t": 1546277318.779037, "tmp": 29.0}
{"t": 1546277319.2790642, "tmp": 29.0}
{"t": 1546277319.782453, "tmp": 29.0}
{"t": 1546277320.282185, "tmp": 29.0}
{"t": 1546277320.782203, "tmp": 29.0}
{"t": 1546277321.2816708, "tmp": 29.0}
{"t": 1546277321.785585, "tmp": 29.0}
{"t": 1546277322.2853398, "tmp": 29.0}
{"t": 1546277322.784982, "tmp": 29.0}
{"t": 1546277323.2844732, "tmp": 29.0}
{"t": 1546277323.788439, "tmp": 29.0}
{"t": 1546277324.2883751, "tmp": 29.0}
{"t": 1546277324.7879412, "tmp": 29.0}
{"t": 1546277325.291662, "tmp": 29.0}
{"t": 1546277325.791496, "tmp": 29.0}
{"t": 1546277326.2908642, "tmp": 29.0}
{"t": 1546277326.790762, "tmp": 29.0}
{"t": 1546277327.294445, "tmp": 29.0}
{"t": 1546277327.7939599, "tmp": 29.0}
{"t": 1546277328.293872, "tmp": 29.0}
{"t": 1546277328.797639, "tmp": 29.0}
{"t": 1546277329.297338, "tmp": 29.0}
{"t": 1546277329.796976, "tmp": 29.0}
{"t": 1546277330.296754, "tmp": 30.0}
{"t": 1546277330.800508, "tmp": 29.0}
{"t": 1546277331.300225, "tmp": 29.0}
{"t": 1546277331.800009, "tmp": 29.0}
{"t": 1546277332.303444, "tmp": 29.0}
{"t": 1546277332.803435, "tmp": 30.0}
{"t": 1546277333.303113, "tmp": 29.0}
{"t": 1546277333.802753, "tmp": 29.0}
{"t": 1546277334.30655, "tmp": 29.0}
{"t": 1546277334.806319, "tmp": 29.0}
{"t": 1546277335.306004, "tmp": 29.0}
{"t": 1546277335.809521, "tmp": 29.0}
{"t": 1546277336.309371, "tmp": 29.0}
{"t": 1546277336.808765, "tmp": 29.0}
{"t": 1546277337.308715, "tmp": 29.0}
{"t": 1546277337.81233, "tmp": 29.0}
{"t": 1546277338.312406, "tmp": 29.0}
{"t": 1546277338.8120372, "tmp": 29.0}
{"t": 1546277339.3156748, "tmp": 29.0}
{"t": 1546277339.815344, "tmp": 29.0}
{"t": 1546277340.314822, "tmp": 30.0}
{"t": 1546277340.814553, "tmp": 32.0}
{"t": 1546277341.31834, "tmp": 33.0}
{"t": 1546277341.818248, "tmp": 35.0}
{"t": 1546277342.318107, "tmp": 33.0}
{"t": 1546277342.821584, "tmp": 35.0}
{"t": 1546277343.321229, "tmp": 33.0}
{"t": 1546277343.821101, "tmp": 33.0}
{"t": 1546277344.3208, "tmp": 33.0}
{"t": 1546277344.8244789, "tmp": 35.0}
{"t": 1546277345.324457, "tmp": 35.0}
{"t": 1546277345.8239858, "tmp": 35.0}
{"t": 1546277346.327646, "tmp": 35.0}
{"t": 1546277346.827232, "tmp": 35.0}
{"t": 1546277347.3271098, "tmp": 33.0}
{"t": 1546277347.826612, "tmp": 33.0}
{"t": 1546277348.330583, "tmp": 33.0}
{"t": 1546277348.830261, "tmp": 33.0}
{"t": 1546277349.330121, "tmp": 33.0}
{"t": 1546277349.833771, "tmp": 32.0}
{"t": 1546277350.3335638, "tmp": 32.0}
{"t": 1546277350.833237, "tmp": 32.0}
{"t": 1546277351.332952, "tmp": 32.0}
{"t": 1546277351.836627, "tmp": 32.0}
{"t": 1546277352.3360782, "tmp": 30.0}
{"t": 1546277352.836119, "tmp": 30.0}
{"t": 1546277353.3395278, "tmp": 30.0}
{"t": 1546277353.839502, "tmp": 30.0}
{"t": 1546277354.339338, "tmp": 30.0}
{"t": 1546277354.838655, "tmp": 30.0}
{"t": 1546277355.342679, "tmp": 30.0}
{"t": 1546277355.84253, "tmp": 30.0}
{"t": 1546277356.341899, "tmp": 29.0}
{"t": 1546277356.845763, "tmp": 29.0}
{"t": 1546277357.345576, "tmp": 29.0}
