{"t": 1546277234.3275268, "tmp": 30.0}
{"t": 1546277234.827081, "tmp": 29.0}
{"t": 1546277235.322795, "tmp": 0.0}
{"t": 1546277235.826422, "tmp": 0.0}
{"t": 1546277236.326151, "tmp": 0.0}
{"t": 1546277236.82583, "tmp": 0.0}
{"t": 1546277237.325721, "tmp": 0.0}
{"t": 1546277237.829293, "tmp": 0.0}
{"t": 1546277238.329107, "tmp": 0.0}
{"t": 1546277238.828948, "tmp": 0.0}
{"t": 1546277239.328589, "tmp": 0.0}
{"t": 1546277239.832397, "tmp": 0.0}
{"t": 1546277240.331858, "tmp": 0.0}
{"t": 1546277240.831887, "tmp": 0.0}
{"t": 1546277241.331497, "tmp": 0.0}
{"t": 1546277241.835041, "tmp": 0.0}
{"t": 1546277242.335045, "tmp": 0.0}
{"t": 1546277242.834472, "tmp": 0.0}
{"t": 1546277243.3344939, "tmp": 0.0}
{"t": 1546277243.838084, "tmp": 0.0}
{"t": 1546277244.3418581, "tmp": 32.0}
{"t": 1546277244.841378, "tmp": 33.0}
{"t": 1546277245.3373382, "tmp": 0.0}
{"t": 1546277245.8407428, "tmp": 0.0}
{"t": 1546277246.341166, "tmp": 0.0}
{"t": 1546277246.8442612, "tmp": 33.0}
{"t": 1546277247.34431, "tmp": 33.0}
{"t": 1546277247.8479118, "tmp": 33.0}
{"t": 1546277248.347532, "tmp": 33.0}
{"t": 1546277248.847156, "tmp": 32.0}
{"t": 1546277249.347035, "tmp": 32.0}
{"t": 1546277249.8507369, "tmp": 32.0}
{"t": 1546277250.3505468, "tmp": 32.0}
{"t": 1546277250.850204, "tmp": 32.0}
{"t": 1546277251.3537128, "tmp": 33.0}
{"t": 1546277251.853677, "tmp": 33.0}
{"t": 1546277252.3531141, "tmp": 33.0}
{"t": 1546277252.8528519, "tmp": 32.0}
{"t": 1546277253.3565319, "tmp": 33.0}
{"t": 1546277253.856232, "tmp": 32.0}
{"t": 1546277254.355967, "tmp": 32.0}
{"t": 1546277254.8599098, "tmp": 32.0}
{"t": 1546277255.35978, "tmp": 33.0}
{"t": 1546277255.859444, "tmp": 32.0}
{"t": 1546277256.359173, "tmp": 33.0}
{"t": 1546277256.862807, "tmp": 33.0}
{"t": 1546277257.362508, "tmp": 32.0}
{"t": 1546277257.862293, "tmp": 33.0}
{"t": 1546277258.3657238, "tmp": 32.0}
{"t": 1546277258.865739, "tmp": 32.0}
