{"t": 1546277102.8150568, "tmp": 29.0}
{"t": 1546277103.3144739, "tmp": 27.0}
{"t": 1546277103.814431, "tmp": 29.0}
