{"t": 1546277134.3246431, "tmp": 29.0}
{"t": 1546277134.827672, "tmp": 29.0}
{"t": 1546277135.327744, "tmp": 29.0}
{"t": 1546277135.827295, "tmp": 27.0}
{"t": 1546277136.327113, "tmp": 27.0}
{"t": 1546277136.8308108, "tmp": 29.0}
{"t": 1546277137.3302999, "tmp": 29.0}
{"t": 1546277137.830184, "tmp": 29.0}
{"t": 1546277138.333878, "tmp": 29.0}
{"t": 1546277138.833705, "tmp": 29.0}
{"t": 1546277139.333345, "tmp": 29.0}
{"t": 1546277139.8331451, "tmp": 29.0}
{"t": 1546277140.336761, "tmp": 29.0}
{"t": 1546277140.83634, "tmp": 27.0}
{"t": 1546277141.336281, "tmp": 29.0}
{"t": 1546277141.8396869, "tmp": 29.0}
{"t": 1546277142.339666, "tmp": 27.0}
{"t": 1546277142.839242, "tmp": 29.0}
{"t": 1546277143.339116, "tmp": 29.0}
{"t": 1546277143.842869, "tmp": 29.0}
{"t": 1546277144.3426812, "tmp": 30.0}
{"t": 1546277144.8422048, "tmp": 32.0}
{"t": 1546277145.345963, "tmp": 32.0}
{"t": 1546277145.845702, "tmp": 32.0}
{"t": 1546277146.345357, "tmp": 32.0}
{"t": 1546277146.844903, "tmp": 32.0}
{"t": 1546277147.34863, "tmp": 32.0}
{"t": 1546277147.848768, "tmp": 32.0}
{"t": 1546277148.348063, "tmp": 33.0}
{"t": 1546277148.851734, "tmp": 33.0}
{"t": 1546277149.3517609, "tmp": 33.0}
{"t": 1546277149.851388, "tmp": 33.0}
{"t": 1546277150.351197, "tmp": 33.0}
{"t": 1546277150.854959, "tmp": 33.0}
{"t": 1546277151.354653, "tmp": 33.0}
{"t": 1546277151.854583, "tmp": 33.0}
{"t": 1546277152.358015, "tmp": 35.0}
{"t": 1546277152.857725, "tmp": 35.0}
{"t": 1546277153.357464, "tmp": 33.0}
{"t": 1546277153.856918, "tmp": 33.0}
{"t": 1546277154.360842, "tmp": 33.0}
{"t": 1546277154.860412, "tmp": 35.0}
{"t": 1546277155.36007, "tmp": 35.0}
{"t": 1546277155.8637152, "tmp": 35.0}
{"t": 1546277156.3635788, "tmp": 35.0}
{"t": 1546277156.863421, "tmp": 35.0}
{"t": 1546277157.36305, "tmp": 33.0}
{"t": 1546277157.8666508, "tmp": 33.0}
{"t": 1546277158.366463, "tmp": 33.0}
{"t": 1546277158.866462, "tmp": 33.0}
{"t": 1546277159.3698292, "tmp": 33.0}
{"t": 1546277159.86952, "tmp": 32.0}
{"t": 1546277160.369442, "tmp": 32.0}
{"t": 1546277160.869161, "tmp": 32.0}
{"t": 1546277161.3728251, "tmp": 33.0}
{"t": 1546277161.872417, "tmp": 32.0}
{"t": 1546277162.372208, "tmp": 32.0}
{"t": 1546277162.875803, "tmp": 32.0}
{"t": 1546277163.375562, "tmp": 32.0}
{"t": 1546277163.8753018, "tmp": 32.0}
{"t": 1546277164.3749928, "tmp": 33.0}
{"t": 1546277164.878613, "tmp": 33.0}
{"t": 1546277165.3787038, "tmp": 33.0}
{"t": 1546277165.878101, "tmp": 33.0}
{"t": 1546277166.381941, "tmp": 33.0}
{"t": 1546277166.881736, "tmp": 32.0}
{"t": 1546277167.3815, "tmp": 32.0}
{"t": 1546277167.880928, "tmp": 32.0}
{"t": 1546277168.384693, "tmp": 32.0}
{"t": 1546277168.88447, "tmp": 32.0}
{"t": 1546277169.384159, "tmp": 33.0}
{"t": 1546277169.887857, "tmp": 33.0}
{"t": 1546277170.387598, "tmp": 33.0}
{"t": 1546277170.887272, "tmp": 33.0}
{"t": 1546277171.3870678, "tmp": 33.0}
{"t": 1546277171.890712, "tmp": 33.0}
{"t": 1546277172.3904939, "tmp": 35.0}
{"t": 1546277172.89016, "tmp": 35.0}
{"t": 1546277173.393877, "tmp": 36.0}
{"t": 1546277173.893611, "tmp": 36.0}
{"t": 1546277174.393358, "tmp": 35.0}
{"t": 1546277174.8930151, "tmp": 35.0}
{"t": 1546277175.3966851, "tmp": 35.0}
{"t": 1546277175.896592, "tmp": 35.0}
{"t": 1546277176.396159, "tmp": 36.0}
{"t": 1546277176.899913, "tmp": 36.0}
{"t": 1546277177.3996532, "tmp": 36.0}
{"t": 1546277177.899364, "tmp": 36.0}
{"t": 1546277178.3991418, "tmp": 36.0}
{"t": 1546277178.902847, "tmp": 36.0}
{"t": 1546277179.402737, "tmp": 36.0}
{"t": 1546277179.9024909, "tmp": 36.0}
{"t": 1546277180.406064, "tmp": 38.0}
{"t": 1546277180.9056692, "tmp": 38.0}
{"t": 1546277181.405362, "tmp": 38.0}
{"t": 1546277181.905067, "tmp": 36.0}
{"t": 1546277182.408841, "tmp": 36.0}
{"t": 1546277182.908635, "tmp": 35.0}
{"t": 1546277183.408276, "tmp": 36.0}
{"t": 1546277183.9119208, "tmp": 36.0}
{"t": 1546277184.411829, "tmp": 38.0}
{"t": 1546277184.911468, "tmp": 38.0}
{"t": 1546277185.411315, "tmp": 38.0}
{"t": 1546277185.9148328, "tmp": 38.0}
{"t": 1546277186.414576, "tmp": 36.0}
{"t": 1546277186.914359, "tmp": 36.0}
{"t": 1546277187.4180028, "tmp": 36.0}
{"t": 1546277187.918078, "tmp": 38.0}
{"t": 1546277188.417405, "tmp": 38.0}
{"t": 1546277188.917102, "tmp": 38.0}
{"t": 1546277189.420773, "tmp": 38.0}
{"t": 1546277189.920521, "tmp": 38.0}
{"t": 1546277190.4202821, "tmp": 36.0}
{"t": 1546277190.924012, "tmp": 36.0}
{"t": 1546277191.423717, "tmp": 38.0}
{"t": 1546277191.923411, "tmp": 38.0}
{"t": 1546277192.4231071, "tmp": 38.0}
{"t": 1546277192.927032, "tmp": 36.0}
{"t": 1546277193.426551, "tmp": 36.0}
{"t": 1546277193.9263911, "tmp": 36.0}
{"t": 1546277194.430004, "tmp": 36.0}
{"t": 1546277194.929767, "tmp": 36.0}
{"t": 1546277195.429369, "tmp": 35.0}
{"t": 1546277195.929218, "tmp": 35.0}
{"t": 1546277196.4328132, "tmp": 35.0}
{"t": 1546277196.932599, "tmp": 35.0}
{"t": 1546277197.43238, "tmp": 35.0}
{"t": 1546277197.936051, "tmp": 33.0}
{"t": 1546277198.435758, "tmp": 33.0}
{"t": 1546277198.935435, "tmp": 33.0}
{"t": 1546277199.435166, "tmp": 33.0}
{"t": 1546277199.938933, "tmp": 33.0}
{"t": 1546277200.4386508, "tmp": 33.0}
{"t": 1546277200.938345, "tmp": 33.0}
{"t": 1546277201.442463, "tmp": 33.0}
{"t": 1546277201.941717, "tmp": 33.0}
{"t": 1546277202.4414778, "tmp": 33.0}
{"t": 1546277202.941209, "tmp": 33.0}
{"t": 1546277203.444948, "tmp": 33.0}
{"t": 1546277203.944631, "tmp": 32.0}
{"t": 1546277204.444371, "tmp": 32.0}
{"t": 1546277204.948035, "tmp": 32.0}
{"t": 1546277205.4477801, "tmp": 32.0}
{"t": 1546277205.9475222, "tmp": 32.0}
{"t": 1546277206.447166, "tmp": 32.0}
{"t": 1546277206.950965, "tmp": 32.0}
{"t": 1546277207.450649, "tmp": 32.0}
{"t": 1546277207.950424, "tmp": 32.0}
{"t": 1546277208.454119, "tmp": 33.0}
{"t": 1546277208.9538188, "tmp": 32.0}
{"t": 1546277209.4535282, "tmp": 32.0}
{"t": 1546277209.953221, "tmp": 32.0}
{"t": 1546277210.456956, "tmp": 32.0}
{"t": 1546277210.956749, "tmp": 32.0}
{"t": 1546277211.456411, "tmp": 32.0}
{"t": 1546277211.960098, "tmp": 32.0}
{"t": 1546277212.459862, "tmp": 32.0}
{"t": 1546277212.9601128, "tmp": 32.0}
{"t": 1546277213.459251, "tmp": 32.0}
{"t": 1546277213.962952, "tmp": 32.0}
{"t": 1546277214.466799, "tmp": 32.0}
{"t": 1546277214.9624069, "tmp": 32.0}
{"t": 1546277215.4661021, "tmp": 32.0}
{"t": 1546277215.965824, "tmp": 30.0}
{"t": 1546277216.465537, "tmp": 30.0}
{"t": 1546277216.9652522, "tmp": 30.0}
{"t": 1546277217.469217, "tmp": 30.0}
{"t": 1546277217.968801, "tmp": 30.0}
{"t": 1546277218.4684942, "tmp": 30.0}
{"t": 1546277218.9721558, "tmp": 30.0}
{"t": 1546277219.471837, "tmp": 30.0}
{"t": 1546277219.972105, "tmp": 30.0}
{"t": 1546277220.471345, "tmp": 30.0}
{"t": 1546277220.9749959, "tmp": 30.0}
{"t": 1546277221.474765, "tmp": 30.0}
{"t": 1546277221.974517, "tmp": 30.0}
{"t": 1546277222.478233, "tmp": 30.0}
{"t": 1546277222.97791, "tmp": 30.0}
{"t": 1546277223.477618, "tmp": 30.0}
{"t": 1546277223.977368, "tmp": 30.0}
{"t": 1546277224.481247, "tmp": 30.0}
{"t": 1546277224.980834, "tmp": 30.0}
{"t": 1546277225.4808478, "tmp": 30.0}
{"t": 1546277225.9844842, "tmp": 30.0}
{"t": 1546277226.4841611, "tmp": 30.0}
{"t": 1546277226.99035, "tmp": 30.0}
{"t": 1546277227.484543, "tmp": 30.0}
{"t": 1546277227.987065, "tmp": 30.0}
{"t": 1546277228.486885, "tmp": 30.0}
{"t": 1546277228.9866638, "tmp": 30.0}
